{
  "genesis_time": "2021-08-19T18:26:09.489424887Z",
  "chain_id": "test-chain-53q3jc",
  "consensus_params": {
    "block_size_params": {
      "max_bytes": "22020096",
      "max_txs": "10000",
      "max_gas": "-1"
    },
    "tx_size_params": {
      "max_bytes": "10240",
      "max_gas": "-1"
    },
    "block_gossip_params": {
      "block_part_size_bytes": "65536"
    },
    "evidence_params": {
      "max_age": "100000"
    }
  },
  "validators": [
    {
      "pub_key": {
        "type": "tendermint/PubKeyEd25519",
        "value": "KMhFVizDRsXgPmAWZr0Z4Jb71NwGHIUJ5PS0ILZwQCo="
      },
      "power": "10",
      "name": ""
    }
  ],
  "app_hash": ""
}